Test Number, Average Error, Result 1, Result 2, Result 3, Result 4, Result 5, Result 6, Result 7, Result 8, Result 9
0,0.0114691,0.729916,0.329096,0.862969,0.77137,0.817975,0.711302,0.739034,0.637198,0.747748
1,0.0164787,0.669953,0.22144,0.816905,0.729319,0.770471,0.651046,0.680553,0.610342,0.640275
2,0.0207757,0.560673,0.125004,0.724579,0.656818,0.6956,0.586336,0.573365,0.515757,0.435756
3,0.0244791,0.450215,0.0640207,0.604456,0.582394,0.610363,0.52626,0.463834,0.425914,0.20934
4,0.0276204,0.420344,0.0279877,0.513995,0.551504,0.53256,0.44877,0.432467,0.472167,0.0950188
5,0.0301332,0.446364,0.00504596,0.448632,0.551699,0.454894,0.349914,0.455878,0.587465,0.0662585
6,0.032059,0.476312,-0.00808112,0.379569,0.555415,0.369919,0.248216,0.483432,0.676988,0.0576355
7,0.0334613,0.491191,-0.0134495,0.296478,0.552008,0.279569,0.161037,0.496515,0.726498,0.0418108
8,0.0344236,0.495003,-0.0138384,0.209059,0.543649,0.193222,0.0947467,0.499017,0.752954,0.0215646
9,0.0350635,0.496421,-0.0118559,0.132997,0.535485,0.120563,0.0474046,0.49944,0.77115,0.00688485
10,0.0355013,0.50041,-0.00922431,0.0776056,0.530506,0.0662909,0.01468,0.502649,0.788081,0.00251768
11,0.0358257,0.506929,-0.00675926,0.0426897,0.528556,0.0298361,-0.00667365,0.508559,0.804633,0.00617053
12,0.0360877,0.513561,-0.00471256,0.0227803,0.527898,0.00777021,-0.0187333,0.514731,0.819383,0.0125156
13,0.0363105,0.518296,-0.00310293,0.0119783,0.52701,-0.00396992,-0.0234258,0.519128,0.831331,0.0173122
14,0.0365027,0.520544,-0.00189218,0.00619046,0.525296,-0.00894072,-0.0229753,0.521134,0.840537,0.0189746
15,0.0366676,0.520804,-0.00103715,0.00322301,0.522913,-0.00984932,-0.019659,0.521223,0.847683,0.0180125
16,0.0368076,0.519961,-0.000489663,0.00204856,0.520321,-0.0085907,-0.015367,0.520257,0.85354,0.0157644
17,0.0369255,0.518767,-0.000190111,0.00210291,0.517914,-0.00641136,-0.0113367,0.518972,0.858677,0.0134093
18,0.0370239,0.517628,-6.99123e-05,0.00291339,0.515886,-0.00408122,-0.00815165,0.517767,0.86339,0.011561
19,0.0371051,0.516654,-6.12124e-05,0.00402451,0.514243,-0.00203091,-0.00591713,0.516742,0.867778,0.0103192
20,0.0371709,0.515796,-0.000107302,0.00506381,0.512897,-0.000453049,-0.00448413,0.515847,0.871845,0.00951427
21,0.0372228,0.514979,-0.000168637,0.00580967,0.511753,0.000619819,-0.0036273,0.515002,0.875585,0.00893412
22,0.0372622,0.514164,-0.000223077,0.00619965,0.510749,0.00125097,-0.00314483,0.514167,0.879014,0.00844102
23,0.03729,0.513358,-0.000262,0.00628523,0.50986,0.00154718,-0.00289128,0.513346,0.882168,0.00798699
24,0.0373072,0.512589,-0.000284978,0.0061677,0.509081,0.00162064,-0.00277257,0.512567,0.88509,0.00757721
25,0.0373146,0.511883,-0.000295179,0.0059462,0.50841,0.00156632,-0.00272894,0.511854,0.88782,0.00722807
26,0.037313,0.511253,-0.00029644,0.00569116,0.507841,0.0014531,-0.00272068,0.511219,0.890385,0.00694347
27,0.0373029,0.510696,-0.000291959,0.00544046,0.50736,0.00132443,-0.00272057,0.510659,0.892803,0.00671134
28,0.0372851,0.5102,-0.000284022,0.00520808,0.506949,0.0012037,-0.00271118,0.510161,0.895086,0.00651163
29,0.0372599,0.509753,-0.000274196,0.00499562,0.506593,0.00110092,-0.00268381,0.509713,0.897244,0.00632577
30,0.037228,0.509344,-0.000263574,0.00480074,0.506278,0.00101826,-0.00263701,0.509303,0.899285,0.00614228
31,0.0371897,0.508965,-0.00025293,0.00462124,0.505996,0.000953958,-0.00257413,0.508925,0.901218,0.00595735
32,0.0371456,0.508613,-0.000242784,0.00445593,0.505741,0.000904653,-0.00250079,0.508573,0.903052,0.00577234
33,0.0370958,0.508286,-0.000233429,0.004304,0.50551,0.000866672,-0.00242264,0.508247,0.904796,0.00559068
34,0.0370409,0.507982,-0.000224965,0.00416436,0.505298,0.000836644,-0.00234413,0.507944,0.906456,0.00541543
35,0.0369811,0.5077,-0.000217349,0.00403545,0.505104,0.000811785,-0.0022681,0.507662,0.90804,0.00524839
36,0.0369168,0.507436,-0.000210462,0.00391545,0.504925,0.000790002,-0.00219597,0.507399,0.909553,0.00509003
37,0.0368481,0.507189,-0.000204158,0.00380266,0.504758,0.000769878,-0.00212816,0.507153,0.910999,0.00494003
38,0.0367754,0.506957,-0.000198309,0.00369574,0.504603,0.000750571,-0.0020646,0.506922,0.912384,0.00479776
39,0.0366989,0.506738,-0.000192816,0.00359382,0.504458,0.000731681,-0.00200497,0.506705,0.913712,0.00466263
40,0.0366189,0.506532,-0.000187612,0.00349641,0.504321,0.000713096,-0.00194888,0.5065,0.914985,0.00453419
41,0.0365354,0.506337,-0.000182656,0.00340329,0.504193,0.00069486,-0.001896,0.506306,0.916209,0.00441206
42,0.0364489,0.506153,-0.000177925,0.00331429,0.504071,0.000677078,-0.001846,0.506122,0.917385,0.00429591
43,0.0363593,0.505979,-0.000173401,0.0032293,0.503956,0.000659853,-0.00179858,0.505949,0.918517,0.00418539
44,0.0362669,0.505813,-0.000169073,0.00314815,0.503847,0.00064326,-0.00175348,0.505784,0.919607,0.00408013
45,0.0361719,0.505656,-0.00016493,0.00307064,0.503744,0.00062734,-0.00171049,0.505628,0.920658,0.00397973
46,0.0360744,0.505507,-0.000160964,0.00299657,0.503645,0.000612101,-0.00166942,0.505479,0.921672,0.00388386
47,0.0359745,0.505365,-0.000157164,0.00292572,0.503552,0.000597529,-0.00163011,0.505338,0.922652,0.00379217
48,0.0358724,0.505229,-0.000153522,0.0028579,0.503463,0.000583598,-0.00159245,0.505203,0.923599,0.00370439
49,0.0357683,0.5051,-0.000150032,0.00279292,0.503378,0.000570273,-0.00155633,0.505075,0.924514,0.00362026
50,0.0356622,0.504977,-0.000146684,0.00273062,0.503296,0.000557517,-0.00152166,0.504952,0.9254,0.00353956
51,0.0355542,0.504859,-0.000143471,0.00267085,0.503219,0.000545293,-0.00148837,0.504835,0.926258,0.00346211
52,0.0354445,0.504746,-0.000140385,0.00261344,0.503144,0.000533566,-0.00145639,0.504723,0.927089,0.00338772
53,0.0353332,0.504638,-0.000137421,0.00255827,0.503073,0.000522302,-0.00142564,0.504615,0.927895,0.00331621
54,0.0352204,0.504535,-0.00013457,0.00250522,0.503005,0.000511473,-0.00139607,0.504512,0.928677,0.00324743
55,0.0351061,0.504436,-0.000131826,0.00245415,0.50294,0.000501053,-0.0013676,0.504414,0.929436,0.00318123
56,0.0349904,0.50434,-0.000129184,0.00240497,0.502877,0.000491016,-0.00134019,0.504319,0.930174,0.00311748
57,0.0348735,0.504249,-0.000126638,0.00235758,0.502816,0.000481343,-0.00131377,0.504228,0.93089,0.00305603
58,0.0347554,0.504161,-0.000124183,0.00231187,0.502758,0.000472014,-0.0012883,0.50414,0.931587,0.00299678
59,0.0346362,0.504077,-0.000121814,0.00226777,0.502703,0.000463012,-0.00126372,0.504056,0.932265,0.00293961
60,0.034516,0.503995,-0.000119527,0.00222519,0.502649,0.000454319,-0.00123999,0.503975,0.932924,0.00288442
61,0.0343948,0.503917,-0.000117318,0.00218406,0.502597,0.000445923,-0.00121707,0.503897,0.933566,0.0028311
62,0.0342727,0.503841,-0.000115183,0.00214431,0.502547,0.000437807,-0.00119492,0.503822,0.934192,0.00277957
63,0.0341497,0.503768,-0.000113118,0.00210587,0.502499,0.000429958,-0.0011735,0.503749,0.934802,0.00272974
64,0.034026,0.503698,-0.000111121,0.00206868,0.502452,0.000422365,-0.00115278,0.503679,0.935396,0.00268154
65,0.0339015,0.50363,-0.000109187,0.00203268,0.502407,0.000415015,-0.00113272,0.503612,0.935976,0.00263487
66,0.0337764,0.503564,-0.000107314,0.00199782,0.502364,0.000407897,-0.00111329,0.503546,0.936541,0.00258968
67,0.0336507,0.5035,-0.0001055,0.00196404,0.502322,0.000401001,-0.00109447,0.503483,0.937093,0.0025459
68,0.0335244,0.503439,-0.000103741,0.0019313,0.502281,0.000394316,-0.00107623,0.503422,0.937632,0.00250346
69,0.0333976,0.503379,-0.000102036,0.00189955,0.502242,0.000387834,-0.00105853,0.503363,0.938159,0.0024623
70,0.0332704,0.503322,-0.000100381,0.00186875,0.502204,0.000381545,-0.00104137,0.503305,0.938673,0.00242237
71,0.0331427,0.503266,-9.87754e-05,0.00183885,0.502167,0.000375441,-0.00102471,0.50325,0.939176,0.00238362
72,0.0330146,0.503212,-9.72162e-05,0.00180982,0.502131,0.000369514,-0.00100853,0.503196,0.939667,0.00234599
73,0.0328862,0.503159,-9.57016e-05,0.00178163,0.502096,0.000363757,-0.00099282,0.503144,0.940148,0.00230944
74,0.0327575,0.503109,-9.42299e-05,0.00175423,0.502062,0.000358163,-0.000977552,0.503093,0.940619,0.00227393
75,0.0326285,0.503059,-9.27992e-05,0.0017276,0.50203,0.000352725,-0.00096271,0.503044,0.941079,0.0022394
76,0.0324993,0.503011,-9.1408e-05,0.0017017,0.501998,0.000347437,-0.000948278,0.502996,0.94153,0.00220583
77,0.0323699,0.502965,-9.00546e-05,0.0016765,0.501967,0.000342293,-0.000934238,0.50295,0.941971,0.00217317
78,0.0322403,0.502919,-8.87377e-05,0.00165198,0.501937,0.000337288,-0.000920575,0.502905,0.942403,0.00214139
79,0.0321106,0.502875,-8.74556e-05,0.00162812,0.501908,0.000332415,-0.000907275,0.502861,0.942826,0.00211045
80,0.0319808,0.502833,-8.62072e-05,0.00160488,0.50188,0.00032767,-0.000894324,0.502819,0.943241,0.00208032
81,0.0318509,0.502791,-8.49912e-05,0.00158224,0.501852,0.000323047,-0.000881709,0.502777,0.943648,0.00205098
82,0.0317209,0.50275,-8.38063e-05,0.00156018,0.501825,0.000318544,-0.000869417,0.502737,0.944047,0.00202238
83,0.031591,0.502711,-8.26514e-05,0.00153868,0.501799,0.000314154,-0.000857435,0.502698,0.944438,0.00199451
84,0.031461,0.502673,-8.15253e-05,0.00151771,0.501774,0.000309874,-0.000845754,0.502659,0.944822,0.00196734
85,0.0313311,0.502635,-8.04272e-05,0.00149727,0.501749,0.0003057,-0.000834361,0.502622,0.945198,0.00194084
86,0.0312013,0.502599,-7.93558e-05,0.00147732,0.501725,0.000301628,-0.000823247,0.502586,0.945568,0.00191499
87,0.0310715,0.502563,-7.83104e-05,0.00145786,0.501701,0.000297654,-0.000812401,0.50255,0.945931,0.00188976
88,0.0309418,0.502528,-7.72899e-05,0.00143887,0.501678,0.000293775,-0.000801815,0.502516,0.946287,0.00186513
89,0.0308122,0.502495,-7.62936e-05,0.00142032,0.501656,0.000289988,-0.000791479,0.502482,0.946636,0.00184109
90,0.0306827,0.502462,-7.53206e-05,0.0014022,0.501634,0.00028629,-0.000781385,0.50245,0.94698,0.00181761
91,0.0305534,0.50243,-7.43701e-05,0.00138451,0.501613,0.000282677,-0.000771524,0.502417,0.947317,0.00179467
92,0.0304243,0.502398,-7.34414e-05,0.00136722,0.501592,0.000279147,-0.000761889,0.502386,0.947649,0.00177226
93,0.0302954,0.502367,-7.25337e-05,0.00135032,0.501572,0.000275697,-0.000752473,0.502356,0.947975,0.00175036
94,0.0301667,0.502337,-7.16463e-05,0.0013338,0.501552,0.000272324,-0.000743267,0.502326,0.948295,0.00172894
95,0.0300382,0.502308,-7.07787e-05,0.00131765,0.501532,0.000269026,-0.000734266,0.502297,0.94861,0.001708
96,0.0299099,0.50228,-6.99301e-05,0.00130185,0.501513,0.000265801,-0.000725463,0.502268,0.94892,0.00168753
97,0.0297819,0.502252,-6.90999e-05,0.0012864,0.501495,0.000262645,-0.000716851,0.502241,0.949225,0.00166749
98,0.0296542,0.502224,-6.82876e-05,0.00127127,0.501477,0.000259558,-0.000708424,0.502213,0.949524,0.00164789
99,0.0295268,0.502198,-6.74927e-05,0.00125647,0.501459,0.000256536,-0.000700177,0.502187,0.949819,0.00162871
100,0.0293996,0.502171,-6.67145e-05,0.00124199,0.501442,0.000253578,-0.000692104,0.502161,0.950109,0.00160993
101,0.0292728,0.502146,-6.59525e-05,0.0012278,0.501425,0.000250682,-0.000684199,0.502135,0.950395,0.00159154
102,0.0291462,0.502121,-6.52064e-05,0.00121391,0.501408,0.000247846,-0.000676459,0.50211,0.950676,0.00157354
103,0.02902,0.502096,-6.44755e-05,0.00120031,0.501392,0.000245068,-0.000668877,0.502086,0.950952,0.0015559
104,0.0288942,0.502072,-6.37595e-05,0.00118698,0.501376,0.000242347,-0.000661449,0.502062,0.951225,0.00153862
105,0.0287687,0.502049,-6.30579e-05,0.00117391,0.50136,0.00023968,-0.00065417,0.502039,0.951493,0.00152169
106,0.0286435,0.502026,-6.23703e-05,0.00116111,0.501345,0.000237067,-0.000647037,0.502016,0.951757,0.0015051
107,0.0285188,0.502003,-6.16963e-05,0.00114857,0.50133,0.000234505,-0.000640044,0.501993,0.952018,0.00148883
108,0.0283944,0.501981,-6.10355e-05,0.00113626,0.501316,0.000231993,-0.000633189,0.501971,0.952274,0.00147288
109,0.0282704,0.50196,-6.03874e-05,0.0011242,0.501301,0.00022953,-0.000626466,0.50195,0.952527,0.00145725
110,0.0281468,0.501938,-5.97519e-05,0.00111237,0.501287,0.000227114,-0.000619873,0.501929,0.952776,0.00144191
111,0.0280236,0.501918,-5.91284e-05,0.00110076,0.501273,0.000224744,-0.000613405,0.501908,0.953022,0.00142686
112,0.0279008,0.501897,-5.85168e-05,0.00108937,0.50126,0.000222419,-0.00060706,0.501888,0.953264,0.0014121
113,0.0277784,0.501877,-5.79166e-05,0.0010782,0.501247,0.000220138,-0.000600833,0.501868,0.953502,0.00139762
114,0.0276565,0.501858,-5.73275e-05,0.00106723,0.501234,0.000217899,-0.000594722,0.501848,0.953737,0.0013834
115,0.027535,0.501838,-5.67493e-05,0.00105647,0.501221,0.000215701,-0.000588724,0.501829,0.953969,0.00136945
116,0.027414,0.50182,-5.61816e-05,0.0010459,0.501208,0.000213544,-0.000582835,0.501811,0.954198,0.00135575
117,0.0272934,0.501801,-5.56242e-05,0.00103553,0.501196,0.000211425,-0.000577052,0.501792,0.954424,0.0013423
118,0.0271732,0.501783,-5.50769e-05,0.00102533,0.501184,0.000209344,-0.000571374,0.501774,0.954646,0.00132909
119,0.0270535,0.501765,-5.45392e-05,0.00101533,0.501172,0.000207301,-0.000565796,0.501756,0.954866,0.00131612
120,0.0269343,0.501747,-5.40111e-05,0.00100549,0.50116,0.000205293,-0.000560317,0.501739,0.955083,0.00130337
121,0.0268155,0.50173,-5.34922e-05,0.000995834,0.501149,0.000203321,-0.000554934,0.501722,0.955296,0.00129085
122,0.0266972,0.501713,-5.29823e-05,0.000986342,0.501138,0.000201383,-0.000549644,0.501705,0.955507,0.00127855
123,0.0265794,0.501697,-5.24812e-05,0.000977013,0.501127,0.000199479,-0.000544446,0.501688,0.955716,0.00126645
124,0.0264621,0.50168,-5.19887e-05,0.000967844,0.501116,0.000197606,-0.000539337,0.501672,0.955921,0.00125457
125,0.0263453,0.501664,-5.15045e-05,0.000958831,0.501105,0.000195766,-0.000534314,0.501656,0.956124,0.00124289
126,0.0262289,0.501649,-5.10285e-05,0.000949969,0.501095,0.000193957,-0.000529375,0.501641,0.956325,0.0012314
127,0.0261131,0.501633,-5.05604e-05,0.000941255,0.501085,0.000192178,-0.00052452,0.501625,0.956523,0.0012201
128,0.0259977,0.501618,-5.01001e-05,0.000932686,0.501075,0.000190428,-0.000519744,0.50161,0.956718,0.001209
129,0.0258828,0.501603,-4.96474e-05,0.000924257,0.501065,0.000188707,-0.000515048,0.501595,0.956911,0.00119807
130,0.0257685,0.501588,-4.9202e-05,0.000915967,0.501055,0.000187015,-0.000510428,0.50158,0.957102,0.00118732
131,0.0256546,0.501574,-4.87639e-05,0.00090781,0.501045,0.000185349,-0.000505882,0.501566,0.95729,0.00117675
132,0.0255413,0.50156,-4.83328e-05,0.000899785,0.501036,0.000183711,-0.00050141,0.501552,0.957476,0.00116635
133,0.0254285,0.501546,-4.79086e-05,0.000891888,0.501027,0.000182098,-0.00049701,0.501538,0.95766,0.00115611
134,0.0253162,0.501532,-4.74912e-05,0.000884116,0.501017,0.000180512,-0.000492679,0.501524,0.957842,0.00114604
135,0.0252044,0.501518,-4.70803e-05,0.000876466,0.501008,0.00017895,-0.000488416,0.501511,0.958021,0.00113612
136,0.0250931,0.501505,-4.66758e-05,0.000868936,0.501,0.000177412,-0.00048422,0.501498,0.958199,0.00112636
137,0.0249823,0.501492,-4.62775e-05,0.000861523,0.500991,0.000175899,-0.000480089,0.501485,0.958374,0.00111675
138,0.0248721,0.501479,-4.58855e-05,0.000854224,0.500982,0.000174408,-0.000476021,0.501472,0.958547,0.00110729
139,0.0247624,0.501466,-4.54994e-05,0.000847036,0.500974,0.000172941,-0.000472016,0.501459,0.958719,0.00109797
140,0.0246532,0.501454,-4.51191e-05,0.000839958,0.500966,0.000171496,-0.000468071,0.501447,0.958888,0.0010888
141,0.0245445,0.501441,-4.47447e-05,0.000832986,0.500957,0.000170072,-0.000464186,0.501434,0.959056,0.00107976
142,0.0244363,0.501429,-4.43758e-05,0.000826118,0.500949,0.00016867,-0.000460359,0.501422,0.959221,0.00107086
143,0.0243287,0.501417,-4.40124e-05,0.000819353,0.500941,0.000167289,-0.000456589,0.50141,0.959385,0.00106209
144,0.0242216,0.501406,-4.36543e-05,0.000812688,0.500934,0.000165928,-0.000452875,0.501399,0.959547,0.00105345
145,0.0241151,0.501394,-4.33015e-05,0.00080612,0.500926,0.000164587,-0.000449215,0.501387,0.959707,0.00104493
146,0.024009,0.501383,-4.29539e-05,0.000799648,0.500918,0.000163266,-0.000445609,0.501376,0.959865,0.00103655
147,0.0239035,0.501371,-4.26113e-05,0.00079327,0.500911,0.000161963,-0.000442054,0.501365,0.960022,0.00102828
148,0.0237985,0.50136,-4.22736e-05,0.000786984,0.500904,0.00016068,-0.000438551,0.501354,0.960177,0.00102013
149,0.0236941,0.501349,-4.19407e-05,0.000780787,0.500896,0.000159415,-0.000435098,0.501343,0.96033,0.0010121
150,0.0235902,0.501339,-4.16126e-05,0.000774678,0.500889,0.000158167,-0.000431694,0.501332,0.960482,0.00100418
151,0.0234868,0.501328,-4.12891e-05,0.000768655,0.500882,0.000156938,-0.000428338,0.501321,0.960632,0.00099637
152,0.0233839,0.501318,-4.09701e-05,0.000762717,0.500875,0.000155725,-0.000425029,0.501311,0.960781,0.000988673
153,0.0232816,0.501307,-4.06556e-05,0.000756861,0.500868,0.00015453,-0.000421765,0.501301,0.960928,0.000981082
154,0.0231798,0.501297,-4.03454e-05,0.000751087,0.500862,0.000153351,-0.000418547,0.501291,0.961073,0.000973597
155,0.0230786,0.501287,-4.00394e-05,0.000745391,0.500855,0.000152188,-0.000415374,0.501281,0.961217,0.000966214
156,0.0229778,0.501277,-3.97377e-05,0.000739774,0.500848,0.000151041,-0.000412243,0.501271,0.96136,0.000958932
157,0.0228776,0.501267,-3.944e-05,0.000734232,0.500842,0.00014991,-0.000409155,0.501261,0.961501,0.000951749
158,0.0227779,0.501258,-3.91464e-05,0.000728766,0.500836,0.000148793,-0.000406109,0.501252,0.96164,0.000944663
159,0.0226788,0.501248,-3.88567e-05,0.000723372,0.500829,0.000147692,-0.000403103,0.501242,0.961779,0.000937672
160,0.0225802,0.501239,-3.85708e-05,0.000718051,0.500823,0.000146606,-0.000400138,0.501233,0.961916,0.000930774
161,0.0224821,0.50123,-3.82887e-05,0.0007128,0.500817,0.000145534,-0.000397212,0.501224,0.962051,0.000923967
162,0.0223845,0.501221,-3.80104e-05,0.000707618,0.500811,0.000144476,-0.000394324,0.501215,0.962185,0.00091725
163,0.0222875,0.501212,-3.77357e-05,0.000702503,0.500805,0.000143431,-0.000391474,0.501206,0.962318,0.000910621
164,0.0221909,0.501203,-3.74645e-05,0.000697456,0.500799,0.000142401,-0.000388661,0.501197,0.96245,0.000904078
165,0.0220949,0.501194,-3.71969e-05,0.000692473,0.500793,0.000141384,-0.000385885,0.501188,0.96258,0.000897619
166,0.0219995,0.501186,-3.69327e-05,0.000687555,0.500788,0.000140379,-0.000383144,0.50118,0.962709,0.000891243
167,0.0219045,0.501177,-3.66719e-05,0.000682699,0.500782,0.000139388,-0.000380438,0.501171,0.962837,0.000884949
168,0.0218101,0.501169,-3.64143e-05,0.000677905,0.500776,0.000138409,-0.000377767,0.501163,0.962963,0.000878735
169,0.0217162,0.50116,-3.61601e-05,0.000673172,0.500771,0.000137443,-0.000375129,0.501155,0.963089,0.000872599
170,0.0216228,0.501152,-3.5909e-05,0.000668498,0.500765,0.000136488,-0.000372524,0.501146,0.963213,0.000866541
171,0.0215299,0.501144,-3.56611e-05,0.000663882,0.50076,0.000135546,-0.000369952,0.501138,0.963336,0.000860557
172,0.0214375,0.501136,-3.54162e-05,0.000659323,0.500755,0.000134615,-0.000367412,0.50113,0.963458,0.000854648
173,0.0213457,0.501128,-3.51744e-05,0.000654821,0.500749,0.000133696,-0.000364903,0.501123,0.963579,0.000848812
174,0.0212543,0.50112,-3.49355e-05,0.000650374,0.500744,0.000132788,-0.000362425,0.501115,0.963699,0.000843048
175,0.0211635,0.501113,-3.46995e-05,0.000645981,0.500739,0.000131891,-0.000359977,0.501107,0.963817,0.000837354
176,0.0210732,0.501105,-3.44664e-05,0.000641642,0.500734,0.000131005,-0.000357559,0.5011,0.963935,0.000831729
177,0.0209834,0.501098,-3.42361e-05,0.000637355,0.500729,0.00013013,-0.00035517,0.501092,0.964051,0.000826172
178,0.0208941,0.50109,-3.40086e-05,0.000633119,0.500724,0.000129265,-0.000352809,0.501085,0.964167,0.000820681
179,0.0208053,0.501083,-3.37838e-05,0.000628934,0.500719,0.000128411,-0.000350477,0.501078,0.964281,0.000815256
180,0.020717,0.501076,-3.35617e-05,0.000624799,0.500715,0.000127566,-0.000348173,0.50107,0.964395,0.000809896
181,0.0206292,0.501069,-3.33422e-05,0.000620712,0.50071,0.000126732,-0.000345895,0.501063,0.964507,0.000804598
182,0.0205419,0.501061,-3.31252e-05,0.000616673,0.500705,0.000125907,-0.000343645,0.501056,0.964619,0.000799363
183,0.0204551,0.501054,-3.29108e-05,0.000612682,0.500701,0.000125092,-0.00034142,0.501049,0.964729,0.000794189
184,0.0203688,0.501048,-3.26989e-05,0.000608737,0.500696,0.000124287,-0.000339222,0.501042,0.964839,0.000789075
185,0.020283,0.501041,-3.24894e-05,0.000604837,0.500691,0.000123491,-0.000337049,0.501036,0.964947,0.00078402
186,0.0201976,0.501034,-3.22824e-05,0.000600982,0.500687,0.000122704,-0.000334901,0.501029,0.965055,0.000779024
187,0.0201128,0.501027,-3.20777e-05,0.000597172,0.500683,0.000121926,-0.000332777,0.501022,0.965162,0.000774084
188,0.0200285,0.501021,-3.18753e-05,0.000593404,0.500678,0.000121156,-0.000330678,0.501016,0.965267,0.000769201
189,0.0199446,0.501014,-3.16752e-05,0.000589679,0.500674,0.000120396,-0.000328602,0.501009,0.965372,0.000764372
190,0.0198613,0.501008,-3.14774e-05,0.000585997,0.50067,0.000119644,-0.00032655,0.501003,0.965476,0.000759599
191,0.0197784,0.501002,-3.12818e-05,0.000582355,0.500665,0.000118901,-0.000324521,0.500997,0.965579,0.000754878
192,0.019696,0.500995,-3.10884e-05,0.000578754,0.500661,0.000118165,-0.000322514,0.50099,0.965682,0.00075021
193,0.0196141,0.500989,-3.08971e-05,0.000575193,0.500657,0.000117438,-0.00032053,0.500984,0.965783,0.000745594
194,0.0195326,0.500983,-3.07079e-05,0.000571671,0.500653,0.000116719,-0.000318567,0.500978,0.965884,0.000741029
195,0.0194517,0.500977,-3.05208e-05,0.000568188,0.500649,0.000116008,-0.000316626,0.500972,0.965984,0.000736514
196,0.0193712,0.500971,-3.03357e-05,0.000564743,0.500645,0.000115305,-0.000314706,0.500966,0.966083,0.000732048
197,0.0192911,0.500965,-3.01527e-05,0.000561335,0.500641,0.000114609,-0.000312807,0.50096,0.966181,0.000727631
198,0.0192116,0.500959,-2.99716e-05,0.000557964,0.500637,0.000113921,-0.000310929,0.500954,0.966278,0.000723261
199,0.0191325,0.500953,-2.97925e-05,0.00055463,0.500633,0.00011324,-0.000309071,0.500949,0.966375,0.000718939
200,0.0190539,0.500947,-2.96153e-05,0.000551331,0.50063,0.000112566,-0.000307232,0.500943,0.966471,0.000714663
201,0.0189757,0.500942,-2.944e-05,0.000548067,0.500626,0.0001119,-0.000305413,0.500937,0.966566,0.000710432
202,0.018898,0.500936,-2.92665e-05,0.000544838,0.500622,0.000111241,-0.000303614,0.500932,0.96666,0.000706246
203,0.0188208,0.500931,-2.90949e-05,0.000541642,0.500618,0.000110588,-0.000301833,0.500926,0.966754,0.000702104
204,0.018744,0.500925,-2.8925e-05,0.000538481,0.500615,0.000109943,-0.000300072,0.500921,0.966847,0.000698006
205,0.0186677,0.50092,-2.8757e-05,0.000535352,0.500611,0.000109304,-0.000298328,0.500915,0.966939,0.000693951
206,0.0185918,0.500914,-2.85907e-05,0.000532256,0.500607,0.000108672,-0.000296603,0.50091,0.967031,0.000689938
207,0.0185164,0.500909,-2.84261e-05,0.000529192,0.500604,0.000108046,-0.000294896,0.500904,0.967121,0.000685966
208,0.0184414,0.500904,-2.82632e-05,0.00052616,0.5006,0.000107427,-0.000293206,0.500899,0.967211,0.000682035
209,0.0183669,0.500898,-2.8102e-05,0.000523158,0.500597,0.000106814,-0.000291533,0.500894,0.967301,0.000678145
210,0.0182928,0.500893,-2.79424e-05,0.000520188,0.500594,0.000106208,-0.000289878,0.500889,0.96739,0.000674294
211,0.0182191,0.500888,-2.77845e-05,0.000517247,0.50059,0.000105607,-0.000288239,0.500884,0.967478,0.000670482
212,0.0181459,0.500883,-2.76281e-05,0.000514336,0.500587,0.000105013,-0.000286617,0.500879,0.967565,0.000666709
213,0.0180732,0.500878,-2.74733e-05,0.000511455,0.500583,0.000104425,-0.000285011,0.500874,0.967652,0.000662974
214,0.0180008,0.500873,-2.73201e-05,0.000508602,0.50058,0.000103842,-0.000283422,0.500869,0.967738,0.000659276
215,0.0179289,0.500868,-2.71684e-05,0.000505778,0.500577,0.000103266,-0.000281848,0.500864,0.967823,0.000655615
216,0.0178575,0.500863,-2.70182e-05,0.000502982,0.500574,0.000102695,-0.00028029,0.500859,0.967908,0.000651991
217,0.0177864,0.500859,-2.68695e-05,0.000500213,0.50057,0.00010213,-0.000278747,0.500854,0.967992,0.000648402
218,0.0177158,0.500854,-2.67222e-05,0.000497472,0.500567,0.00010157,-0.000277219,0.50085,0.968076,0.000644848
219,0.0176456,0.500849,-2.65764e-05,0.000494758,0.500564,0.000101016,-0.000275707,0.500845,0.968159,0.00064133
220,0.0175759,0.500844,-2.6432e-05,0.00049207,0.500561,0.000100467,-0.000274209,0.50084,0.968241,0.000637845
221,0.0175065,0.50084,-2.6289e-05,0.000489408,0.500558,9.99233e-05,-0.000272725,0.500836,0.968323,0.000634395
222,0.0174376,0.500835,-2.61474e-05,0.000486771,0.500555,9.93851e-05,-0.000271256,0.500831,0.968404,0.000630978
223,0.0173691,0.500831,-2.60072e-05,0.000484161,0.500552,9.8852e-05,-0.000269801,0.500827,0.968485,0.000627594
224,0.017301,0.500826,-2.58683e-05,0.000481575,0.500549,9.83241e-05,-0.00026836,0.500822,0.968565,0.000624242
225,0.0172333,0.500822,-2.57307e-05,0.000479014,0.500546,9.78012e-05,-0.000266933,0.500818,0.968644,0.000620922
226,0.017166,0.500817,-2.55944e-05,0.000476477,0.500543,9.72832e-05,-0.00026552,0.500813,0.968723,0.000617633
227,0.0170991,0.500813,-2.54595e-05,0.000473964,0.50054,9.67702e-05,-0.000264119,0.500809,0.968801,0.000614376
228,0.0170327,0.500809,-2.53257e-05,0.000471475,0.500537,9.62619e-05,-0.000262732,0.500805,0.968879,0.00061115
229,0.0169666,0.500804,-2.51933e-05,0.000469009,0.500534,9.57585e-05,-0.000261358,0.5008,0.968956,0.000607953
230,0.0169009,0.5008,-2.50621e-05,0.000466566,0.500532,9.52597e-05,-0.000259997,0.500796,0.969033,0.000604787
231,0.0168357,0.500796,-2.49321e-05,0.000464146,0.500529,9.47656e-05,-0.000258648,0.500792,0.969109,0.00060165
232,0.0167708,0.500792,-2.48033e-05,0.000461748,0.500526,9.42761e-05,-0.000257312,0.500788,0.969185,0.000598542
233,0.0167063,0.500788,-2.46757e-05,0.000459373,0.500523,9.3791e-05,-0.000255988,0.500784,0.96926,0.000595462
234,0.0166422,0.500784,-2.45492e-05,0.000457019,0.500521,9.33105e-05,-0.000254677,0.50078,0.969335,0.000592411
235,0.0165785,0.50078,-2.4424e-05,0.000454687,0.500518,9.28343e-05,-0.000253377,0.500776,0.969409,0.000589388
236,0.0165152,0.500776,-2.42998e-05,0.000452376,0.500515,9.23624e-05,-0.000252089,0.500772,0.969483,0.000586392
237,0.0164523,0.500772,-2.41768e-05,0.000450085,0.500513,9.18948e-05,-0.000250813,0.500768,0.969556,0.000583424
238,0.0163897,0.500768,-2.40549e-05,0.000447816,0.50051,9.14315e-05,-0.000249548,0.500764,0.969629,0.000580482
239,0.0163276,0.500764,-2.39341e-05,0.000445567,0.500507,9.09723e-05,-0.000248295,0.50076,0.969701,0.000577567
240,0.0162658,0.50076,-2.38144e-05,0.000443338,0.500505,9.05172e-05,-0.000247053,0.500756,0.969772,0.000574677
241,0.0162044,0.500756,-2.36957e-05,0.000441129,0.500502,9.00662e-05,-0.000245822,0.500752,0.969844,0.000571814
242,0.0161433,0.500752,-2.35781e-05,0.00043894,0.5005,8.96192e-05,-0.000244602,0.500749,0.969914,0.000568976
243,0.0160827,0.500748,-2.34615e-05,0.00043677,0.500497,8.91761e-05,-0.000243393,0.500745,0.969985,0.000566163
244,0.0160224,0.500745,-2.3346e-05,0.000434619,0.500495,8.8737e-05,-0.000242194,0.500741,0.970055,0.000563375
245,0.0159624,0.500741,-2.32315e-05,0.000432487,0.500492,8.83017e-05,-0.000241006,0.500737,0.970124,0.000560611
246,0.0159029,0.500737,-2.31179e-05,0.000430373,0.50049,8.78702e-05,-0.000239828,0.500734,0.970193,0.000557872
247,0.0158437,0.500734,-2.30054e-05,0.000428278,0.500488,8.74424e-05,-0.000238661,0.50073,0.970261,0.000555156
248,0.0157848,0.50073,-2.28938e-05,0.000426202,0.500485,8.70184e-05,-0.000237503,0.500727,0.970329,0.000552464
249,0.0157263,0.500727,-2.27833e-05,0.000424143,0.500483,8.6598e-05,-0.000236356,0.500723,0.970397,0.000549795
250,0.0156682,0.500723,-2.26736e-05,0.000422101,0.50048,8.61813e-05,-0.000235219,0.50072,0.970464,0.000547149
251,0.0156104,0.50072,-2.25649e-05,0.000420078,0.500478,8.57681e-05,-0.000234091,0.500716,0.970531,0.000544526
252,0.015553,0.500716,-2.24571e-05,0.000418071,0.500476,8.53585e-05,-0.000232973,0.500713,0.970597,0.000541925
253,0.0154959,0.500713,-2.23503e-05,0.000416082,0.500474,8.49523e-05,-0.000231864,0.500709,0.970663,0.000539347
254,0.0154392,0.500709,-2.22443e-05,0.00041411,0.500471,8.45496e-05,-0.000230765,0.500706,0.970729,0.00053679
255,0.0153828,0.500706,-2.21393e-05,0.000412154,0.500469,8.41502e-05,-0.000229675,0.500702,0.970794,0.000534255
256,0.0153268,0.500703,-2.20351e-05,0.000410214,0.500467,8.37543e-05,-0.000228594,0.500699,0.970858,0.000531741
257,0.0152711,0.500699,-2.19318e-05,0.000408291,0.500465,8.33616e-05,-0.000227523,0.500696,0.970923,0.000529248
258,0.0152158,0.500696,-2.18293e-05,0.000406384,0.500462,8.29722e-05,-0.00022646,0.500692,0.970987,0.000526776
259,0.0151608,0.500693,-2.17277e-05,0.000404493,0.50046,8.25861e-05,-0.000225406,0.500689,0.97105,0.000524324
260,0.0151061,0.500689,-2.1627e-05,0.000402617,0.500458,8.22031e-05,-0.000224361,0.500686,0.971113,0.000521893
261,0.0150517,0.500686,-2.15271e-05,0.000400757,0.500456,8.18234e-05,-0.000223324,0.500683,0.971176,0.000519482
262,0.0149977,0.500683,-2.1428e-05,0.000398912,0.500454,8.14467e-05,-0.000222296,0.50068,0.971238,0.00051709
263,0.014944,0.50068,-2.13297e-05,0.000397083,0.500452,8.10731e-05,-0.000221277,0.500676,0.9713,0.000514718
264,0.0148907,0.500677,-2.12322e-05,0.000395268,0.50045,8.07026e-05,-0.000220265,0.500673,0.971362,0.000512366
265,0.0148377,0.500674,-2.11355e-05,0.000393468,0.500448,8.03351e-05,-0.000219262,0.50067,0.971423,0.000510033
266,0.014785,0.50067,-2.10396e-05,0.000391682,0.500446,7.99705e-05,-0.000218267,0.500667,0.971484,0.000507718
267,0.0147326,0.500667,-2.09445e-05,0.000389911,0.500444,7.96089e-05,-0.00021728,0.500664,0.971545,0.000505422
268,0.0146805,0.500664,-2.08501e-05,0.000388154,0.500441,7.92502e-05,-0.000216301,0.500661,0.971605,0.000503145
269,0.0146288,0.500661,-2.07565e-05,0.000386411,0.500439,7.88944e-05,-0.00021533,0.500658,0.971664,0.000500886
270,0.0145773,0.500658,-2.06636e-05,0.000384683,0.500437,7.85414e-05,-0.000214367,0.500655,0.971724,0.000498645
271,0.0145262,0.500655,-2.05715e-05,0.000382968,0.500436,7.81912e-05,-0.000213411,0.500652,0.971783,0.000496422
272,0.0144754,0.500652,-2.04801e-05,0.000381266,0.500434,7.78438e-05,-0.000212463,0.500649,0.971842,0.000494216
273,0.0144249,0.50065,-2.03894e-05,0.000379578,0.500432,7.74992e-05,-0.000211522,0.500646,0.9719,0.000492028
274,0.0143747,0.500647,-2.02994e-05,0.000377903,0.50043,7.71572e-05,-0.000210589,0.500643,0.971958,0.000489857
275,0.0143248,0.500644,-2.02102e-05,0.000376241,0.500428,7.6818e-05,-0.000209663,0.500641,0.972016,0.000487703
276,0.0142753,0.500641,-2.01216e-05,0.000374593,0.500426,7.64813e-05,-0.000208744,0.500638,0.972073,0.000485566
277,0.014226,0.500638,-2.00338e-05,0.000372957,0.500424,7.61473e-05,-0.000207832,0.500635,0.97213,0.000483446
278,0.014177,0.500635,-1.99466e-05,0.000371334,0.500422,7.58159e-05,-0.000206928,0.500632,0.972187,0.000481341
279,0.0141283,0.500633,-1.986e-05,0.000369723,0.50042,7.54871e-05,-0.00020603,0.500629,0.972243,0.000479254
280,0.0140799,0.50063,-1.97742e-05,0.000368125,0.500419,7.51608e-05,-0.00020514,0.500627,0.9723,0.000477182
281,0.0140319,0.500627,-1.9689e-05,0.000366539,0.500417,7.4837e-05,-0.000204256,0.500624,0.972355,0.000475126
282,0.0139841,0.500624,-1.96045e-05,0.000364965,0.500415,7.45156e-05,-0.000203379,0.500621,0.972411,0.000473086
283,0.0139366,0.500622,-1.95206e-05,0.000363403,0.500413,7.41967e-05,-0.000202509,0.500619,0.972466,0.000471062
284,0.0138893,0.500619,-1.94373e-05,0.000361853,0.500411,7.38803e-05,-0.000201645,0.500616,0.972521,0.000469052
285,0.0138424,0.500616,-1.93547e-05,0.000360315,0.50041,7.35662e-05,-0.000200788,0.500613,0.972575,0.000467059
286,0.0137958,0.500614,-1.92727e-05,0.000358788,0.500408,7.32545e-05,-0.000199937,0.500611,0.972629,0.00046508
287,0.0137494,0.500611,-1.91913e-05,0.000357273,0.500406,7.29452e-05,-0.000199093,0.500608,0.972683,0.000463116
288,0.0137033,0.500608,-1.91105e-05,0.000355769,0.500404,7.26381e-05,-0.000198255,0.500605,0.972737,0.000461166
289,0.0136575,0.500606,-1.90303e-05,0.000354277,0.500403,7.23334e-05,-0.000197423,0.500603,0.97279,0.000459232
290,0.013612,0.500603,-1.89508e-05,0.000352795,0.500401,7.20309e-05,-0.000196597,0.5006,0.972843,0.000457311
291,0.0135668,0.500601,-1.88718e-05,0.000351325,0.500399,7.17307e-05,-0.000195778,0.500598,0.972896,0.000455405
292,0.0135218,0.500598,-1.87934e-05,0.000349865,0.500398,7.14327e-05,-0.000194965,0.500595,0.972949,0.000453513
293,0.0134771,0.500596,-1.87155e-05,0.000348416,0.500396,7.11369e-05,-0.000194157,0.500593,0.973001,0.000451635
294,0.0134327,0.500593,-1.86383e-05,0.000346978,0.500394,7.08432e-05,-0.000193356,0.50059,0.973053,0.000449771
295,0.0133885,0.500591,-1.85616e-05,0.000345551,0.500393,7.05517e-05,-0.00019256,0.500588,0.973104,0.00044792
296,0.0133446,0.500588,-1.84855e-05,0.000344133,0.500391,7.02624e-05,-0.00019177,0.500585,0.973156,0.000446083
297,0.013301,0.500586,-1.84099e-05,0.000342726,0.500389,6.99751e-05,-0.000190986,0.500583,0.973207,0.000444259
298,0.0132576,0.500584,-1.83349e-05,0.00034133,0.500388,6.96899e-05,-0.000190208,0.500581,0.973257,0.000442449
299,0.0132145,0.500581,-1.82604e-05,0.000339943,0.500386,6.94068e-05,-0.000189435,0.500578,0.973308,0.000440651
300,0.0131717,0.500579,-1.81864e-05,0.000338566,0.500385,6.91257e-05,-0.000188668,0.500576,0.973358,0.000438867
301,0.0131291,0.500576,-1.8113e-05,0.000337199,0.500383,6.88467e-05,-0.000187906,0.500574,0.973408,0.000437095
302,0.0130868,0.500574,-1.80401e-05,0.000335842,0.500382,6.85696e-05,-0.00018715,0.500571,0.973458,0.000435336
303,0.0130447,0.500572,-1.79677e-05,0.000334495,0.50038,6.82945e-05,-0.000186399,0.500569,0.973507,0.000433589
304,0.0130029,0.500569,-1.78959e-05,0.000333157,0.500378,6.80214e-05,-0.000185654,0.500567,0.973557,0.000431855
305,0.0129614,0.500567,-1.78245e-05,0.000331829,0.500377,6.77502e-05,-0.000184914,0.500564,0.973606,0.000430134
306,0.0129201,0.500565,-1.77537e-05,0.00033051,0.500375,6.74809e-05,-0.000184179,0.500562,0.973654,0.000428424
307,0.012879,0.500563,-1.76833e-05,0.0003292,0.500374,6.72135e-05,-0.000183449,0.50056,0.973703,0.000426726
308,0.0128382,0.50056,-1.76135e-05,0.0003279,0.500372,6.6948e-05,-0.000182724,0.500558,0.973751,0.000425041
309,0.0127976,0.500558,-1.75441e-05,0.000326609,0.500371,6.66843e-05,-0.000182005,0.500555,0.973799,0.000423367
310,0.0127573,0.500556,-1.74752e-05,0.000325326,0.500369,6.64225e-05,-0.00018129,0.500553,0.973846,0.000421704
311,0.0127172,0.500554,-1.74068e-05,0.000324053,0.500368,6.61625e-05,-0.00018058,0.500551,0.973894,0.000420054
312,0.0126773,0.500552,-1.73389e-05,0.000322788,0.500367,6.59043e-05,-0.000179876,0.500549,0.973941,0.000418415
313,0.0126377,0.500549,-1.72714e-05,0.000321533,0.500365,6.56479e-05,-0.000179176,0.500547,0.973988,0.000416787
314,0.0125984,0.500547,-1.72045e-05,0.000320285,0.500364,6.53933e-05,-0.000178481,0.500545,0.974035,0.00041517
315,0.0125592,0.500545,-1.71379e-05,0.000319047,0.500362,6.51404e-05,-0.000177791,0.500542,0.974081,0.000413564
316,0.0125204,0.500543,-1.70718e-05,0.000317817,0.500361,6.48892e-05,-0.000177105,0.50054,0.974128,0.00041197
317,0.0124817,0.500541,-1.70062e-05,0.000316595,0.500359,6.46398e-05,-0.000176424,0.500538,0.974174,0.000410386
318,0.0124433,0.500539,-1.6941e-05,0.000315381,0.500358,6.4392e-05,-0.000175748,0.500536,0.974219,0.000408813
319,0.0124051,0.500537,-1.68763e-05,0.000314176,0.500357,6.41459e-05,-0.000175076,0.500534,0.974265,0.000407251
320,0.0123671,0.500535,-1.6812e-05,0.000312979,0.500355,6.39015e-05,-0.000174409,0.500532,0.97431,0.000405699
321,0.0123293,0.500533,-1.67481e-05,0.00031179,0.500354,6.36588e-05,-0.000173747,0.50053,0.974355,0.000404158
322,0.0122918,0.500531,-1.66847e-05,0.000310609,0.500353,6.34176e-05,-0.000173089,0.500528,0.9744,0.000402627
323,0.0122545,0.500529,-1.66217e-05,0.000309436,0.500351,6.31781e-05,-0.000172435,0.500526,0.974445,0.000401106
324,0.0122174,0.500527,-1.65591e-05,0.000308271,0.50035,6.29402e-05,-0.000171786,0.500524,0.974489,0.000399596
325,0.0121806,0.500525,-1.64969e-05,0.000307113,0.500349,6.27039e-05,-0.000171141,0.500522,0.974534,0.000398095
326,0.0121439,0.500523,-1.64351e-05,0.000305963,0.500347,6.24691e-05,-0.0001705,0.50052,0.974578,0.000396605
327,0.0121075,0.500521,-1.63738e-05,0.000304821,0.500346,6.22359e-05,-0.000169863,0.500518,0.974622,0.000395124
328,0.0120713,0.500519,-1.63128e-05,0.000303686,0.500345,6.20042e-05,-0.000169231,0.500516,0.974665,0.000393654
329,0.0120353,0.500517,-1.62523e-05,0.000302559,0.500343,6.17741e-05,-0.000168603,0.500514,0.974708,0.000392192
330,0.0119996,0.500515,-1.61921e-05,0.000301439,0.500342,6.15455e-05,-0.000167979,0.500512,0.974752,0.000390741
331,0.011964,0.500513,-1.61324e-05,0.000300327,0.500341,6.13183e-05,-0.000167359,0.50051,0.974795,0.000389299
332,0.0119286,0.500511,-1.6073e-05,0.000299222,0.50034,6.10927e-05,-0.000166743,0.500509,0.974837,0.000387866
333,0.0118935,0.500509,-1.6014e-05,0.000298124,0.500338,6.08685e-05,-0.000166131,0.500507,0.97488,0.000386443
334,0.0118586,0.500507,-1.59554e-05,0.000297033,0.500337,6.06457e-05,-0.000165523,0.500505,0.974922,0.000385029
335,0.0118238,0.500505,-1.58972e-05,0.000295949,0.500336,6.04244e-05,-0.000164919,0.500503,0.974964,0.000383624
336,0.0117893,0.500504,-1.58393e-05,0.000294872,0.500335,6.02046e-05,-0.000164319,0.500501,0.975006,0.000382228
337,0.011755,0.500502,-1.57819e-05,0.000293802,0.500333,5.99861e-05,-0.000163723,0.500499,0.975048,0.000380841
338,0.0117209,0.5005,-1.57248e-05,0.000292739,0.500332,5.97691e-05,-0.00016313,0.500497,0.97509,0.000379463
339,0.011687,0.500498,-1.5668e-05,0.000291683,0.500331,5.95534e-05,-0.000162542,0.500496,0.975131,0.000378094
340,0.0116533,0.500496,-1.56116e-05,0.000290633,0.50033,5.93391e-05,-0.000161957,0.500494,0.975172,0.000376733
341,0.0116197,0.500494,-1.55556e-05,0.00028959,0.500329,5.91262e-05,-0.000161376,0.500492,0.975213,0.000375381
342,0.0115864,0.500493,-1.55e-05,0.000288554,0.500327,5.89146e-05,-0.000160798,0.50049,0.975254,0.000374038
343,0.0115533,0.500491,-1.54446e-05,0.000287524,0.500326,5.87044e-05,-0.000160225,0.500488,0.975295,0.000372703
344,0.0115204,0.500489,-1.53897e-05,0.000286501,0.500325,5.84954e-05,-0.000159654,0.500487,0.975335,0.000371377
345,0.0114876,0.500487,-1.53351e-05,0.000285484,0.500324,5.82878e-05,-0.000159088,0.500485,0.975375,0.000370059
346,0.0114551,0.500486,-1.52808e-05,0.000284474,0.500323,5.80815e-05,-0.000158525,0.500483,0.975415,0.000368749
347,0.0114227,0.500484,-1.52268e-05,0.000283469,0.500322,5.78765e-05,-0.000157965,0.500482,0.975455,0.000367447
348,0.0113906,0.500482,-1.51732e-05,0.000282472,0.50032,5.76728e-05,-0.000157409,0.50048,0.975495,0.000366154
349,0.0113586,0.500481,-1.512e-05,0.00028148,0.500319,5.74703e-05,-0.000156856,0.500478,0.975534,0.000364868
350,0.0113268,0.500479,-1.5067e-05,0.000280494,0.500318,5.72691e-05,-0.000156307,0.500476,0.975574,0.000363591
351,0.0112952,0.500477,-1.50144e-05,0.000279515,0.500317,5.70691e-05,-0.000155761,0.500475,0.975613,0.000362321
352,0.0112638,0.500475,-1.49621e-05,0.000278541,0.500316,5.68704e-05,-0.000155219,0.500473,0.975652,0.000361059
353,0.0112325,0.500474,-1.49102e-05,0.000277574,0.500315,5.66728e-05,-0.00015468,0.500471,0.97569,0.000359805
354,0.0112015,0.500472,-1.48585e-05,0.000276612,0.500314,5.64765e-05,-0.000154144,0.50047,0.975729,0.000358559
355,0.0111706,0.500471,-1.48072e-05,0.000275657,0.500313,5.62814e-05,-0.000153611,0.500468,0.975767,0.00035732
356,0.0111399,0.500469,-1.47562e-05,0.000274707,0.500312,5.60875e-05,-0.000153082,0.500467,0.975806,0.000356089
357,0.0111094,0.500467,-1.47055e-05,0.000273763,0.500311,5.58947e-05,-0.000152556,0.500465,0.975844,0.000354865
358,0.011079,0.500466,-1.46551e-05,0.000272825,0.500309,5.57032e-05,-0.000152033,0.500463,0.975882,0.000353649
359,0.0110488,0.500464,-1.4605e-05,0.000271892,0.500308,5.55127e-05,-0.000151513,0.500462,0.975919,0.00035244
360,0.0110189,0.500462,-1.45552e-05,0.000270965,0.500307,5.53235e-05,-0.000150997,0.50046,0.975957,0.000351239
361,0.010989,0.500461,-1.45057e-05,0.000270044,0.500306,5.51353e-05,-0.000150483,0.500459,0.975994,0.000350044
362,0.0109594,0.500459,-1.44565e-05,0.000269128,0.500305,5.49483e-05,-0.000149973,0.500457,0.976032,0.000348857
363,0.0109299,0.500458,-1.44076e-05,0.000268217,0.500304,5.47624e-05,-0.000149466,0.500455,0.976069,0.000347677
364,0.0109006,0.500456,-1.43589e-05,0.000267312,0.500303,5.45777e-05,-0.000148961,0.500454,0.976106,0.000346504
365,0.0108715,0.500455,-1.43106e-05,0.000266413,0.500302,5.4394e-05,-0.00014846,0.500452,0.976143,0.000345337
366,0.0108425,0.500453,-1.42626e-05,0.000265518,0.500301,5.42114e-05,-0.000147962,0.500451,0.976179,0.000344178
367,0.0108137,0.500452,-1.42148e-05,0.000264629,0.5003,5.40299e-05,-0.000147466,0.500449,0.976216,0.000343026
368,0.010785,0.50045,-1.41674e-05,0.000263746,0.500299,5.38495e-05,-0.000146974,0.500448,0.976252,0.00034188
369,0.0107566,0.500449,-1.41202e-05,0.000262867,0.500298,5.36701e-05,-0.000146484,0.500446,0.976288,0.000340742
370,0.0107283,0.500447,-1.40733e-05,0.000261994,0.500297,5.34918e-05,-0.000145998,0.500445,0.976324,0.000339609
371,0.0107001,0.500446,-1.40266e-05,0.000261125,0.500296,5.33145e-05,-0.000145514,0.500443,0.97636,0.000338484
372,0.0106721,0.500444,-1.39802e-05,0.000260262,0.500295,5.31382e-05,-0.000145033,0.500442,0.976395,0.000337365
373,0.0106443,0.500443,-1.39341e-05,0.000259404,0.500294,5.2963e-05,-0.000144554,0.50044,0.976431,0.000336252
374,0.0106166,0.500441,-1.38883e-05,0.000258551,0.500293,5.27888e-05,-0.000144079,0.500439,0.976466,0.000335147
375,0.0105891,0.50044,-1.38428e-05,0.000257702,0.500292,5.26156e-05,-0.000143606,0.500438,0.976502,0.000334047
376,0.0105617,0.500438,-1.37974e-05,0.000256859,0.500291,5.24434e-05,-0.000143136,0.500436,0.976537,0.000332954
377,0.0105345,0.500437,-1.37524e-05,0.000256021,0.50029,5.22722e-05,-0.000142669,0.500435,0.976572,0.000331867
378,0.0105075,0.500435,-1.37076e-05,0.000255187,0.500289,5.2102e-05,-0.000142204,0.500433,0.976606,0.000330786
379,0.0104806,0.500434,-1.36631e-05,0.000254358,0.500288,5.19328e-05,-0.000141743,0.500432,0.976641,0.000329712
380,0.0104538,0.500433,-1.36188e-05,0.000253534,0.500287,5.17645e-05,-0.000141283,0.50043,0.976675,0.000328643
381,0.0104272,0.500431,-1.35748e-05,0.000252714,0.500287,5.15972e-05,-0.000140827,0.500429,0.97671,0.000327581
382,0.0104008,0.50043,-1.3531e-05,0.0002519,0.500286,5.14309e-05,-0.000140373,0.500428,0.976744,0.000326525
383,0.0103745,0.500428,-1.34875e-05,0.000251089,0.500285,5.12654e-05,-0.000139921,0.500426,0.976778,0.000325475
384,0.0103484,0.500427,-1.34443e-05,0.000250284,0.500284,5.1101e-05,-0.000139472,0.500425,0.976812,0.000324431
385,0.0103224,0.500426,-1.34012e-05,0.000249483,0.500283,5.09374e-05,-0.000139026,0.500423,0.976846,0.000323392
386,0.0102965,0.500424,-1.33584e-05,0.000248686,0.500282,5.07748e-05,-0.000138582,0.500422,0.976879,0.00032236
387,0.0102708,0.500423,-1.33159e-05,0.000247894,0.500281,5.06131e-05,-0.000138141,0.500421,0.976913,0.000321333
388,0.0102452,0.500421,-1.32736e-05,0.000247107,0.50028,5.04523e-05,-0.000137702,0.500419,0.976946,0.000320312
389,0.0102198,0.50042,-1.32315e-05,0.000246324,0.500279,5.02924e-05,-0.000137265,0.500418,0.976979,0.000319297
390,0.0101946,0.500419,-1.31897e-05,0.000245545,0.500278,5.01333e-05,-0.000136831,0.500417,0.977013,0.000318287
391,0.0101694,0.500417,-1.31481e-05,0.00024477,0.500277,4.99752e-05,-0.0001364,0.500415,0.977046,0.000317283
392,0.0101444,0.500416,-1.31067e-05,0.000244,0.500277,4.9818e-05,-0.00013597,0.500414,0.977078,0.000316285
393,0.0101196,0.500415,-1.30656e-05,0.000243234,0.500276,4.96616e-05,-0.000135544,0.500413,0.977111,0.000315292
394,0.0100948,0.500414,-1.30246e-05,0.000242472,0.500275,4.95061e-05,-0.000135119,0.500411,0.977144,0.000314305
395,0.0100703,0.500412,-1.2984e-05,0.000241715,0.500274,4.93514e-05,-0.000134697,0.50041,0.977176,0.000313323
396,0.0100458,0.500411,-1.29435e-05,0.000240961,0.500273,4.91976e-05,-0.000134277,0.500409,0.977208,0.000312346
397,0.0100215,0.50041,-1.29032e-05,0.000240212,0.500272,4.90446e-05,-0.00013386,0.500408,0.97724,0.000311375
398,0.00999735,0.500408,-1.28632e-05,0.000239467,0.500271,4.88925e-05,-0.000133444,0.500406,0.977272,0.000310409
399,0.00997331,0.500407,-1.28234e-05,0.000238726,0.500271,4.87412e-05,-0.000133032,0.500405,0.977304,0.000309449
400,0.0099494,0.500406,-1.27838e-05,0.000237989,0.50027,4.85907e-05,-0.000132621,0.500404,0.977336,0.000308493
401,0.00992563,0.500405,-1.27444e-05,0.000237256,0.500269,4.8441e-05,-0.000132212,0.500403,0.977368,0.000307543
402,0.00990199,0.500403,-1.27053e-05,0.000236527,0.500268,4.82922e-05,-0.000131806,0.500401,0.977399,0.000306598
403,0.00987847,0.500402,-1.26663e-05,0.000235802,0.500267,4.81441e-05,-0.000131402,0.5004,0.977431,0.000305658
404,0.00985509,0.500401,-1.26276e-05,0.000235081,0.500266,4.79969e-05,-0.000131,0.500399,0.977462,0.000304723
405,0.00983184,0.5004,-1.25891e-05,0.000234363,0.500266,4.78504e-05,-0.0001306,0.500398,0.977493,0.000303793
406,0.00980871,0.500398,-1.25507e-05,0.00023365,0.500265,4.77047e-05,-0.000130203,0.500396,0.977524,0.000302869
407,0.00978571,0.500397,-1.25126e-05,0.00023294,0.500264,4.75598e-05,-0.000129807,0.500395,0.977555,0.000301949
408,0.00976283,0.500396,-1.24747e-05,0.000232234,0.500263,4.74157e-05,-0.000129414,0.500394,0.977586,0.000301034
409,0.00974009,0.500395,-1.2437e-05,0.000231532,0.500262,4.72724e-05,-0.000129023,0.500393,0.977617,0.000300124
410,0.00971746,0.500394,-1.23995e-05,0.000230834,0.500262,4.71298e-05,-0.000128633,0.500392,0.977647,0.000299218
411,0.00969496,0.500392,-1.23621e-05,0.000230139,0.500261,4.69879e-05,-0.000128246,0.50039,0.977678,0.000298318
412,0.00967258,0.500391,-1.2325e-05,0.000229448,0.50026,4.68468e-05,-0.000127861,0.500389,0.977708,0.000297422
413,0.00965032,0.50039,-1.22881e-05,0.000228761,0.500259,4.67065e-05,-0.000127478,0.500388,0.977738,0.000296531
414,0.00962819,0.500389,-1.22514e-05,0.000228077,0.500258,4.65669e-05,-0.000127097,0.500387,0.977768,0.000295645
415,0.00960617,0.500388,-1.22148e-05,0.000227397,0.500258,4.6428e-05,-0.000126718,0.500386,0.977798,0.000294763
416,0.00958427,0.500387,-1.21785e-05,0.00022672,0.500257,4.62899e-05,-0.000126341,0.500385,0.977828,0.000293886
417,0.00956249,0.500385,-1.21423e-05,0.000226047,0.500256,4.61525e-05,-0.000125966,0.500383,0.977858,0.000293013
418,0.00954083,0.500384,-1.21064e-05,0.000225377,0.500255,4.60157e-05,-0.000125593,0.500382,0.977887,0.000292146
419,0.00951929,0.500383,-1.20706e-05,0.000224711,0.500255,4.58798e-05,-0.000125222,0.500381,0.977917,0.000291282
420,0.00949786,0.500382,-1.2035e-05,0.000224049,0.500254,4.57445e-05,-0.000124852,0.50038,0.977946,0.000290423
421,0.00947655,0.500381,-1.19996e-05,0.000223389,0.500253,4.56099e-05,-0.000124485,0.500379,0.977976,0.000289569
422,0.00945535,0.50038,-1.19644e-05,0.000222734,0.500252,4.5476e-05,-0.00012412,0.500378,0.978005,0.000288719
423,0.00943426,0.500379,-1.19293e-05,0.000222081,0.500252,4.53428e-05,-0.000123756,0.500377,0.978034,0.000287873
424,0.00941329,0.500377,-1.18945e-05,0.000221432,0.500251,4.52103e-05,-0.000123394,0.500376,0.978063,0.000287032
425,0.00939243,0.500376,-1.18598e-05,0.000220786,0.50025,4.50784e-05,-0.000123035,0.500374,0.978092,0.000286195
426,0.00937169,0.500375,-1.18253e-05,0.000220144,0.500249,4.49473e-05,-0.000122677,0.500373,0.97812,0.000285362
427,0.00935105,0.500374,-1.17909e-05,0.000219505,0.500249,4.48168e-05,-0.00012232,0.500372,0.978149,0.000284533
428,0.00933052,0.500373,-1.17568e-05,0.000218869,0.500248,4.46869e-05,-0.000121966,0.500371,0.978178,0.000283709
429,0.0093101,0.500372,-1.17228e-05,0.000218236,0.500247,4.45578e-05,-0.000121614,0.50037,0.978206,0.000282889
430,0.0092898,0.500371,-1.1689e-05,0.000217607,0.500246,4.44292e-05,-0.000121263,0.500369,0.978234,0.000282073
431,0.00926959,0.50037,-1.16553e-05,0.000216981,0.500246,4.43014e-05,-0.000120914,0.500368,0.978263,0.000281261
432,0.0092495,0.500369,-1.16219e-05,0.000216358,0.500245,4.41742e-05,-0.000120567,0.500367,0.978291,0.000280454
433,0.00922951,0.500368,-1.15886e-05,0.000215738,0.500244,4.40476e-05,-0.000120221,0.500366,0.978319,0.00027965
434,0.00920963,0.500367,-1.15554e-05,0.000215121,0.500244,4.39216e-05,-0.000119877,0.500365,0.978347,0.00027885
435,0.00918985,0.500366,-1.15225e-05,0.000214507,0.500243,4.37963e-05,-0.000119535,0.500364,0.978374,0.000278055
436,0.00917018,0.500365,-1.14897e-05,0.000213896,0.500242,4.36716e-05,-0.000119195,0.500363,0.978402,0.000277263
437,0.00915061,0.500363,-1.1457e-05,0.000213289,0.500242,4.35476e-05,-0.000118856,0.500362,0.97843,0.000276476
438,0.00913114,0.500362,-1.14245e-05,0.000212684,0.500241,4.34241e-05,-0.00011852,0.500361,0.978457,0.000275692
439,0.00911178,0.500361,-1.13922e-05,0.000212083,0.50024,4.33013e-05,-0.000118184,0.50036,0.978485,0.000274912
440,0.00909251,0.50036,-1.13601e-05,0.000211484,0.50024,4.31791e-05,-0.000117851,0.500359,0.978512,0.000274136
441,0.00907335,0.500359,-1.13281e-05,0.000210888,0.500239,4.30575e-05,-0.000117519,0.500358,0.978539,0.000273364
442,0.00905429,0.500358,-1.12962e-05,0.000210296,0.500238,4.29365e-05,-0.000117188,0.500357,0.978566,0.000272596
443,0.00903533,0.500357,-1.12646e-05,0.000209706,0.500237,4.2816e-05,-0.00011686,0.500356,0.978593,0.000271831
444,0.00901646,0.500356,-1.1233e-05,0.000209119,0.500237,4.26962e-05,-0.000116533,0.500355,0.97862,0.00027107
445,0.0089977,0.500355,-1.12017e-05,0.000208535,0.500236,4.2577e-05,-0.000116207,0.500354,0.978647,0.000270313
446,0.00897903,0.500354,-1.11704e-05,0.000207954,0.500235,4.24583e-05,-0.000115883,0.500353,0.978674,0.00026956
447,0.00896046,0.500353,-1.11394e-05,0.000207375,0.500235,4.23403e-05,-0.000115561,0.500352,0.9787,0.00026881
448,0.00894198,0.500352,-1.11085e-05,0.0002068,0.500234,4.22228e-05,-0.00011524,0.500351,0.978727,0.000268064
449,0.0089236,0.500351,-1.10777e-05,0.000206227,0.500234,4.21058e-05,-0.000114921,0.50035,0.978753,0.000267322
450,0.00890532,0.50035,-1.10471e-05,0.000205657,0.500233,4.19895e-05,-0.000114604,0.500349,0.97878,0.000266583
451,0.00888712,0.500349,-1.10166e-05,0.00020509,0.500232,4.18737e-05,-0.000114288,0.500348,0.978806,0.000265848
452,0.00886903,0.500348,-1.09863e-05,0.000204526,0.500232,4.17584e-05,-0.000113973,0.500347,0.978832,0.000265117
453,0.00885102,0.500348,-1.09561e-05,0.000203964,0.500231,4.16437e-05,-0.00011366,0.500346,0.978858,0.000264388
454,0.00883311,0.500347,-1.09261e-05,0.000203405,0.50023,4.15296e-05,-0.000113349,0.500345,0.978884,0.000263664
455,0.00881529,0.500346,-1.08962e-05,0.000202849,0.50023,4.1416e-05,-0.000113039,0.500344,0.97891,0.000262943
456,0.00879756,0.500345,-1.08665e-05,0.000202295,0.500229,4.1303e-05,-0.00011273,0.500343,0.978936,0.000262225
457,0.00877992,0.500344,-1.08369e-05,0.000201744,0.500228,4.11905e-05,-0.000112423,0.500342,0.978961,0.000261511
458,0.00876238,0.500343,-1.08074e-05,0.000201196,0.500228,4.10785e-05,-0.000112118,0.500341,0.978987,0.0002608
459,0.00874492,0.500342,-1.07781e-05,0.00020065,0.500227,4.09671e-05,-0.000111813,0.50034,0.979013,0.000260093
460,0.00872755,0.500341,-1.07489e-05,0.000200107,0.500227,4.08562e-05,-0.000111511,0.500339,0.979038,0.000259389
461,0.00871026,0.50034,-1.07199e-05,0.000199566,0.500226,4.07458e-05,-0.000111209,0.500338,0.979063,0.000258688
462,0.00869307,0.500339,-1.0691e-05,0.000199028,0.500225,4.0636e-05,-0.00011091,0.500337,0.979089,0.00025799
463,0.00867596,0.500338,-1.06622e-05,0.000198493,0.500225,4.05267e-05,-0.000110611,0.500336,0.979114,0.000257296
464,0.00865894,0.500337,-1.06336e-05,0.00019796,0.500224,4.04178e-05,-0.000110314,0.500336,0.979139,0.000256605
465,0.00864201,0.500336,-1.06051e-05,0.000197429,0.500224,4.03095e-05,-0.000110019,0.500335,0.979164,0.000255918
466,0.00862516,0.500335,-1.05768e-05,0.000196901,0.500223,4.02017e-05,-0.000109724,0.500334,0.979189,0.000255233
467,0.00860839,0.500335,-1.05485e-05,0.000196376,0.500222,4.00944e-05,-0.000109432,0.500333,0.979214,0.000254552
468,0.00859171,0.500334,-1.05204e-05,0.000195853,0.500222,3.99876e-05,-0.00010914,0.500332,0.979238,0.000253874
469,0.00857511,0.500333,-1.04925e-05,0.000195332,0.500221,3.98814e-05,-0.00010885,0.500331,0.979263,0.000253199
470,0.0085586,0.500332,-1.04646e-05,0.000194814,0.500221,3.97756e-05,-0.000108561,0.50033,0.979288,0.000252528
471,0.00854217,0.500331,-1.04369e-05,0.000194298,0.50022,3.96702e-05,-0.000108274,0.500329,0.979312,0.000251859
472,0.00852582,0.50033,-1.04093e-05,0.000193785,0.500219,3.95654e-05,-0.000107988,0.500328,0.979337,0.000251194
473,0.00850955,0.500329,-1.03819e-05,0.000193274,0.500219,3.94611e-05,-0.000107703,0.500328,0.979361,0.000250531
474,0.00849336,0.500328,-1.03546e-05,0.000192765,0.500218,3.93572e-05,-0.00010742,0.500327,0.979385,0.000249872
475,0.00847726,0.500327,-1.03274e-05,0.000192259,0.500218,3.92539e-05,-0.000107137,0.500326,0.979409,0.000249216
476,0.00846123,0.500327,-1.03003e-05,0.000191755,0.500217,3.9151e-05,-0.000106857,0.500325,0.979433,0.000248562
477,0.00844528,0.500326,-1.02734e-05,0.000191253,0.500216,3.90485e-05,-0.000106577,0.500324,0.979457,0.000247912
478,0.00842941,0.500325,-1.02465e-05,0.000190754,0.500216,3.89466e-05,-0.000106299,0.500323,0.979481,0.000247265
479,0.00841362,0.500324,-1.02198e-05,0.000190257,0.500215,3.88451e-05,-0.000106022,0.500322,0.979505,0.00024662
480,0.00839791,0.500323,-1.01932e-05,0.000189762,0.500215,3.8744e-05,-0.000105746,0.500322,0.979529,0.000245979
481,0.00838227,0.500322,-1.01668e-05,0.000189269,0.500214,3.86435e-05,-0.000105471,0.500321,0.979553,0.00024534
482,0.00836671,0.500322,-1.01405e-05,0.000188779,0.500214,3.85434e-05,-0.000105198,0.50032,0.979576,0.000244705
483,0.00835123,0.500321,-1.01142e-05,0.000188291,0.500213,3.84437e-05,-0.000104926,0.500319,0.9796,0.000244072
484,0.00833582,0.50032,-1.00881e-05,0.000187805,0.500213,3.83445e-05,-0.000104655,0.500318,0.979623,0.000243442
485,0.00832049,0.500319,-1.00621e-05,0.000187321,0.500212,3.82457e-05,-0.000104386,0.500317,0.979647,0.000242815
486,0.00830523,0.500318,-1.00363e-05,0.00018684,0.500211,3.81474e-05,-0.000104117,0.500317,0.97967,0.000242191
487,0.00829005,0.500317,-1.00105e-05,0.00018636,0.500211,3.80495e-05,-0.00010385,0.500316,0.979693,0.000241569
488,0.00827494,0.500317,-9.98489e-06,0.000185883,0.50021,3.79521e-05,-0.000103584,0.500315,0.979716,0.000240951
489,0.00825991,0.500316,-9.95937e-06,0.000185408,0.50021,3.78551e-05,-0.00010332,0.500314,0.979739,0.000240335
490,0.00824494,0.500315,-9.93397e-06,0.000184935,0.500209,3.77585e-05,-0.000103056,0.500313,0.979763,0.000239722
491,0.00823005,0.500314,-9.90867e-06,0.000184464,0.500209,3.76624e-05,-0.000102794,0.500313,0.979785,0.000239112
492,0.00821524,0.500313,-9.88349e-06,0.000183995,0.500208,3.75667e-05,-0.000102532,0.500312,0.979808,0.000238504
493,0.00820049,0.500313,-9.85842e-06,0.000183529,0.500208,3.74714e-05,-0.000102272,0.500311,0.979831,0.000237899
494,0.00818581,0.500312,-9.83347e-06,0.000183064,0.500207,3.73765e-05,-0.000102013,0.50031,0.979854,0.000237297
495,0.00817121,0.500311,-9.80862e-06,0.000182601,0.500207,3.72821e-05,-0.000101756,0.500309,0.979876,0.000236697
496,0.00815667,0.50031,-9.78388e-06,0.000182141,0.500206,3.71881e-05,-0.000101499,0.500309,0.979899,0.0002361
497,0.00814221,0.500309,-9.75925e-06,0.000181682,0.500206,3.70945e-05,-0.000101244,0.500308,0.979921,0.000235506
498,0.00812781,0.500309,-9.73473e-06,0.000181226,0.500205,3.70013e-05,-0.000100989,0.500307,0.979944,0.000234914
499,0.00811348,0.500308,-9.71032e-06,0.000180771,0.500205,3.69085e-05,-0.000100736,0.500306,0.979966,0.000234325
500,0.00809922,0.500307,-9.68602e-06,0.000180319,0.500204,3.68161e-05,-0.000100484,0.500306,0.979989,0.000233739
501,0.00808503,0.500306,-9.66182e-06,0.000179868,0.500204,3.67241e-05,-0.000100233,0.500305,0.980011,0.000233155
502,0.0080709,0.500306,-9.63772e-06,0.00017942,0.500203,3.66325e-05,-9.99828e-05,0.500304,0.980033,0.000232573
503,0.00805685,0.500305,-9.61374e-06,0.000178973,0.500203,3.65413e-05,-9.9734e-05,0.500303,0.980055,0.000231994
504,0.00804285,0.500304,-9.58985e-06,0.000178529,0.500202,3.64506e-05,-9.94862e-05,0.500302,0.980077,0.000231418
505,0.00802893,0.500303,-9.56607e-06,0.000178086,0.500202,3.63602e-05,-9.92395e-05,0.500302,0.980099,0.000230844
506,0.00801507,0.500302,-9.54239e-06,0.000177645,0.500201,3.62702e-05,-9.89939e-05,0.500301,0.980121,0.000230273
507,0.00800128,0.500302,-9.51882e-06,0.000177206,0.500201,3.61806e-05,-9.87493e-05,0.5003,0.980142,0.000229704
508,0.00798755,0.500301,-9.49535e-06,0.000176769,0.5002,3.60913e-05,-9.85058e-05,0.500299,0.980164,0.000229137
509,0.00797388,0.5003,-9.47197e-06,0.000176334,0.5002,3.60025e-05,-9.82633e-05,0.500299,0.980186,0.000228573
510,0.00796028,0.500299,-9.4487e-06,0.000175901,0.500199,3.59141e-05,-9.80219e-05,0.500298,0.980207,0.000228012
511,0.00794674,0.500299,-9.42553e-06,0.00017547,0.500199,3.5826e-05,-9.77815e-05,0.500297,0.980229,0.000227453
512,0.00793327,0.500298,-9.40246e-06,0.00017504,0.500198,3.57383e-05,-9.75421e-05,0.500297,0.98025,0.000226896
513,0.00791985,0.500297,-9.37948e-06,0.000174612,0.500198,3.5651e-05,-9.73038e-05,0.500296,0.980272,0.000226341
514,0.00790651,0.500297,-9.35661e-06,0.000174187,0.500197,3.5564e-05,-9.70665e-05,0.500295,0.980293,0.000225789
515,0.00789322,0.500296,-9.33383e-06,0.000173762,0.500197,3.54774e-05,-9.68302e-05,0.500294,0.980314,0.00022524
516,0.00787999,0.500295,-9.31115e-06,0.00017334,0.500196,3.53912e-05,-9.65949e-05,0.500294,0.980336,0.000224692
517,0.00786683,0.500294,-9.28856e-06,0.00017292,0.500196,3.53054e-05,-9.63606e-05,0.500293,0.980357,0.000224147
518,0.00785372,0.500294,-9.26607e-06,0.000172501,0.500195,3.52199e-05,-9.61272e-05,0.500292,0.980378,0.000223605
519,0.00784068,0.500293,-9.24367e-06,0.000172084,0.500195,3.51348e-05,-9.58949e-05,0.500292,0.980399,0.000223064
520,0.00782769,0.500292,-9.22137e-06,0.000171669,0.500194,3.505e-05,-9.56636e-05,0.500291,0.98042,0.000222526
521,0.00781477,0.500292,-9.19917e-06,0.000171256,0.500194,3.49656e-05,-9.54332e-05,0.50029,0.980441,0.00022199
522,0.00780191,0.500291,-9.17705e-06,0.000170844,0.500193,3.48815e-05,-9.52038e-05,0.500289,0.980461,0.000221456
523,0.0077891,0.50029,-9.15503e-06,0.000170434,0.500193,3.47978e-05,-9.49753e-05,0.500289,0.980482,0.000220925
524,0.00777635,0.500289,-9.1331e-06,0.000170026,0.500192,3.47145e-05,-9.47479e-05,0.500288,0.980503,0.000220396
525,0.00776366,0.500289,-9.11127e-06,0.000169619,0.500192,3.46315e-05,-9.45213e-05,0.500287,0.980523,0.000219869
526,0.00775103,0.500288,-9.08952e-06,0.000169214,0.500191,3.45488e-05,-9.42957e-05,0.500287,0.980544,0.000219344
527,0.00773846,0.500287,-9.06787e-06,0.000168811,0.500191,3.44665e-05,-9.40711e-05,0.500286,0.980564,0.000218822
528,0.00772594,0.500287,-9.0463e-06,0.00016841,0.500191,3.43846e-05,-9.38474e-05,0.500285,0.980585,0.000218301
529,0.00771348,0.500286,-9.02483e-06,0.00016801,0.50019,3.43029e-05,-9.36246e-05,0.500285,0.980605,0.000217783
530,0.00770107,0.500285,-9.00344e-06,0.000167612,0.50019,3.42216e-05,-9.34027e-05,0.500284,0.980625,0.000217267
531,0.00768872,0.500285,-8.98214e-06,0.000167215,0.500189,3.41407e-05,-9.31817e-05,0.500283,0.980646,0.000216753
532,0.00767643,0.500284,-8.96093e-06,0.00016682,0.500189,3.40601e-05,-9.29617e-05,0.500283,0.980666,0.000216241
533,0.00766419,0.500283,-8.93981e-06,0.000166427,0.500188,3.39798e-05,-9.27426e-05,0.500282,0.980686,0.000215731
534,0.00765201,0.500283,-8.91877e-06,0.000166036,0.500188,3.38998e-05,-9.25243e-05,0.500281,0.980706,0.000215224
535,0.00763988,0.500282,-8.89782e-06,0.000165646,0.500187,3.38202e-05,-9.2307e-05,0.500281,0.980726,0.000214718
536,0.00762781,0.500281,-8.87696e-06,0.000165257,0.500187,3.37409e-05,-9.20906e-05,0.50028,0.980746,0.000214215
537,0.00761579,0.500281,-8.85618e-06,0.00016487,0.500187,3.36619e-05,-9.1875e-05,0.500279,0.980766,0.000213713
538,0.00760382,0.50028,-8.83549e-06,0.000164485,0.500186,3.35833e-05,-9.16603e-05,0.500279,0.980786,0.000213214
539,0.00759191,0.500279,-8.81488e-06,0.000164101,0.500186,3.35049e-05,-9.14465e-05,0.500278,0.980805,0.000212717
540,0.00758005,0.500279,-8.79435e-06,0.000163719,0.500185,3.34269e-05,-9.12336e-05,0.500277,0.980825,0.000212221
541,0.00756824,0.500278,-8.77391e-06,0.000163339,0.500185,3.33492e-05,-9.10215e-05,0.500277,0.980845,0.000211728
542,0.00755648,0.500277,-8.75355e-06,0.00016296,0.500184,3.32718e-05,-9.08103e-05,0.500276,0.980864,0.000211237
543,0.00754478,0.500277,-8.73327e-06,0.000162582,0.500184,3.31947e-05,-9.05999e-05,0.500275,0.980884,0.000210747
544,0.00753312,0.500276,-8.71307e-06,0.000162206,0.500183,3.3118e-05,-9.03904e-05,0.500275,0.980903,0.00021026
545,0.00752152,0.500275,-8.69296e-06,0.000161832,0.500183,3.30415e-05,-9.01817e-05,0.500274,0.980923,0.000209775
546,0.00750997,0.500275,-8.67293e-06,0.000161459,0.500183,3.29654e-05,-8.99739e-05,0.500273,0.980942,0.000209291
547,0.00749847,0.500274,-8.65298e-06,0.000161087,0.500182,3.28895e-05,-8.97669e-05,0.500273,0.980962,0.00020881
548,0.00748702,0.500274,-8.6331e-06,0.000160717,0.500182,3.2814e-05,-8.95608e-05,0.500272,0.980981,0.00020833
549,0.00747562,0.500273,-8.61331e-06,0.000160349,0.500181,3.27388e-05,-8.93554e-05,0.500272,0.981,0.000207852
550,0.00746427,0.500272,-8.5936e-06,0.000159982,0.500181,3.26638e-05,-8.91509e-05,0.500271,0.981019,0.000207377
551,0.00745297,0.500272,-8.57396e-06,0.000159616,0.500181,3.25892e-05,-8.89472e-05,0.50027,0.981038,0.000206903
552,0.00744172,0.500271,-8.5544e-06,0.000159252,0.50018,3.25149e-05,-8.87443e-05,0.50027,0.981057,0.000206431
553,0.00743051,0.50027,-8.53492e-06,0.00015889,0.50018,3.24408e-05,-8.85422e-05,0.500269,0.981076,0.000205961
554,0.00741936,0.50027,-8.51552e-06,0.000158529,0.500179,3.23671e-05,-8.8341e-05,0.500268,0.981095,0.000205493
555,0.00740825,0.500269,-8.4962e-06,0.000158169,0.500179,3.22936e-05,-8.81405e-05,0.500268,0.981114,0.000205026
556,0.00739719,0.500269,-8.47695e-06,0.00015781,0.500178,3.22205e-05,-8.79408e-05,0.500267,0.981133,0.000204562
557,0.00738618,0.500268,-8.45777e-06,0.000157453,0.500178,3.21476e-05,-8.77419e-05,0.500267,0.981152,0.000204099
558,0.00737522,0.500267,-8.43868e-06,0.000157098,0.500178,3.2075e-05,-8.75438e-05,0.500266,0.98117,0.000203638
559,0.0073643,0.500267,-8.41965e-06,0.000156744,0.500177,3.20027e-05,-8.73464e-05,0.500265,0.981189,0.000203179
560,0.00735343,0.500266,-8.40071e-06,0.000156391,0.500177,3.19307e-05,-8.71499e-05,0.500265,0.981208,0.000202722
561,0.0073426,0.500266,-8.38183e-06,0.00015604,0.500176,3.18589e-05,-8.69541e-05,0.500264,0.981226,0.000202267
562,0.00733183,0.500265,-8.36303e-06,0.00015569,0.500176,3.17875e-05,-8.6759e-05,0.500264,0.981245,0.000201813
563,0.00732109,0.500264,-8.34431e-06,0.000155341,0.500176,3.17163e-05,-8.65648e-05,0.500263,0.981263,0.000201361
564,0.00731041,0.500264,-8.32565e-06,0.000154994,0.500175,3.16454e-05,-8.63713e-05,0.500262,0.981281,0.000200911
565,0.00729976,0.500263,-8.30707e-06,0.000154648,0.500175,3.15748e-05,-8.61785e-05,0.500262,0.9813,0.000200463
566,0.00728917,0.500263,-8.28857e-06,0.000154303,0.500175,3.15044e-05,-8.59865e-05,0.500261,0.981318,0.000200016
567,0.00727862,0.500262,-8.27013e-06,0.00015396,0.500174,3.14344e-05,-8.57952e-05,0.500261,0.981336,0.000199571
568,0.00726811,0.500261,-8.25176e-06,0.000153618,0.500174,3.13646e-05,-8.56047e-05,0.50026,0.981354,0.000199128
569,0.00725764,0.500261,-8.23347e-06,0.000153278,0.500173,3.1295e-05,-8.54149e-05,0.50026,0.981373,0.000198686
570,0.00724722,0.50026,-8.21525e-06,0.000152938,0.500173,3.12258e-05,-8.52259e-05,0.500259,0.981391,0.000198247
571,0.00723685,0.50026,-8.19709e-06,0.000152601,0.500173,3.11568e-05,-8.50376e-05,0.500258,0.981409,0.000197809
572,0.00722651,0.500259,-8.17901e-06,0.000152264,0.500172,3.1088e-05,-8.485e-05,0.500258,0.981427,0.000197372
573,0.00721622,0.500259,-8.161e-06,0.000151929,0.500172,3.10196e-05,-8.46631e-05,0.500257,0.981445,0.000196937
574,0.00720598,0.500258,-8.14305e-06,0.000151594,0.500171,3.09513e-05,-8.44769e-05,0.500257,0.981462,0.000196504
575,0.00719577,0.500257,-8.12518e-06,0.000151262,0.500171,3.08834e-05,-8.42915e-05,0.500256,0.98148,0.000196073
576,0.00718561,0.500257,-8.10737e-06,0.00015093,0.500171,3.08157e-05,-8.41067e-05,0.500256,0.981498,0.000195643
577,0.00717549,0.500256,-8.08963e-06,0.0001506,0.50017,3.07483e-05,-8.39227e-05,0.500255,0.981516,0.000195215
578,0.00716541,0.500256,-8.07196e-06,0.000150271,0.50017,3.06811e-05,-8.37394e-05,0.500254,0.981534,0.000194789
579,0.00715537,0.500255,-8.05435e-06,0.000149943,0.50017,3.06142e-05,-8.35567e-05,0.500254,0.981551,0.000194364
580,0.00714538,0.500255,-8.03681e-06,0.000149617,0.500169,3.05475e-05,-8.33748e-05,0.500253,0.981569,0.000193941
581,0.00713542,0.500254,-8.01934e-06,0.000149291,0.500169,3.04811e-05,-8.31935e-05,0.500253,0.981586,0.000193519
582,0.00712551,0.500253,-8.00193e-06,0.000148967,0.500168,3.0415e-05,-8.3013e-05,0.500252,0.981604,0.000193099
583,0.00711564,0.500253,-7.98459e-06,0.000148645,0.500168,3.03491e-05,-8.28331e-05,0.500252,0.981621,0.000192681
584,0.0071058,0.500252,-7.96732e-06,0.000148323,0.500168,3.02834e-05,-8.26539e-05,0.500251,0.981639,0.000192264
585,0.00709601,0.500252,-7.95011e-06,0.000148003,0.500167,3.0218e-05,-8.24753e-05,0.500251,0.981656,0.000191848
586,0.00708626,0.500251,-7.93296e-06,0.000147683,0.500167,3.01528e-05,-8.22975e-05,0.50025,0.981673,0.000191435
587,0.00707654,0.500251,-7.91588e-06,0.000147365,0.500167,3.00879e-05,-8.21203e-05,0.500249,0.981691,0.000191022
588,0.00706687,0.50025,-7.89887e-06,0.000147049,0.500166,3.00232e-05,-8.19437e-05,0.500249,0.981708,0.000190612
589,0.00705723,0.50025,-7.88191e-06,0.000146733,0.500166,2.99588e-05,-8.17678e-05,0.500248,0.981725,0.000190203
590,0.00704764,0.500249,-7.86502e-06,0.000146419,0.500166,2.98946e-05,-8.15926e-05,0.500248,0.981742,0.000189795
591,0.00703808,0.500249,-7.8482e-06,0.000146105,0.500165,2.98306e-05,-8.14181e-05,0.500247,0.981759,0.000189389
592,0.00702856,0.500248,-7.83143e-06,0.000145793,0.500165,2.97669e-05,-8.12442e-05,0.500247,0.981776,0.000188985
593,0.00701908,0.500247,-7.81473e-06,0.000145482,0.500164,2.97034e-05,-8.10709e-05,0.500246,0.981793,0.000188581
594,0.00700963,0.500247,-7.79809e-06,0.000145173,0.500164,2.96402e-05,-8.08983e-05,0.500246,0.98181,0.00018818
595,0.00700023,0.500246,-7.78151e-06,0.000144864,0.500164,2.95771e-05,-8.07263e-05,0.500245,0.981827,0.00018778
596,0.00699086,0.500246,-7.76499e-06,0.000144556,0.500163,2.95144e-05,-8.05549e-05,0.500245,0.981844,0.000187381
597,0.00698153,0.500245,-7.74854e-06,0.00014425,0.500163,2.94518e-05,-8.03842e-05,0.500244,0.981861,0.000186984
598,0.00697223,0.500245,-7.73214e-06,0.000143945,0.500163,2.93895e-05,-8.02141e-05,0.500244,0.981877,0.000186589
599,0.00696298,0.500244,-7.71581e-06,0.000143641,0.500162,2.93274e-05,-8.00446e-05,0.500243,0.981894,0.000186194
600,0.00695376,0.500244,-7.69953e-06,0.000143338,0.500162,2.92655e-05,-7.98758e-05,0.500243,0.981911,0.000185802
601,0.00694457,0.500243,-7.68332e-06,0.000143036,0.500162,2.92039e-05,-7.97076e-05,0.500242,0.981927,0.00018541
602,0.00693542,0.500243,-7.66716e-06,0.000142735,0.500161,2.91425e-05,-7.954e-05,0.500242,0.981944,0.00018502
603,0.00692631,0.500242,-7.65106e-06,0.000142435,0.500161,2.90813e-05,-7.9373e-05,0.500241,0.98196,0.000184632
604,0.00691723,0.500242,-7.63502e-06,0.000142137,0.500161,2.90204e-05,-7.92066e-05,0.500241,0.981977,0.000184245
605,0.00690819,0.500241,-7.61904e-06,0.000141839,0.50016,2.89596e-05,-7.90408e-05,0.50024,0.981993,0.000183859
606,0.00689919,0.500241,-7.60312e-06,0.000141543,0.50016,2.88991e-05,-7.88756e-05,0.50024,0.98201,0.000183475
607,0.00689022,0.50024,-7.58726e-06,0.000141248,0.50016,2.88388e-05,-7.87111e-05,0.500239,0.982026,0.000183092
608,0.00688128,0.50024,-7.57145e-06,0.000140953,0.500159,2.87787e-05,-7.85471e-05,0.500239,0.982042,0.000182711
609,0.00687238,0.500239,-7.5557e-06,0.00014066,0.500159,2.87189e-05,-7.83837e-05,0.500238,0.982059,0.000182331
610,0.00686351,0.500239,-7.54001e-06,0.000140368,0.500159,2.86592e-05,-7.82209e-05,0.500238,0.982075,0.000181952
611,0.00685468,0.500238,-7.52438e-06,0.000140077,0.500158,2.85998e-05,-7.80587e-05,0.500237,0.982091,0.000181575
